"variable","mean_value"
"Avg_Temp",25.058064516129
"Rain",3.91397849462366
